-1.119522338867187500e+03,6.115703582763671875e+00,-1.574321365356445312e+01,-4.413372039794921875e+00,4.916732788085937500e+00,-4.249137878417968750e+00,-3.017513275146484375e+00,5.179397583007812500e+00,-1.286445617675781250e+00,-4.771278381347656250e+00,5.656131744384765625e+00,3.624893188476562500e+00,-1.105893325805664062e+01,-8.456058502197265625e+00,6.406002044677734375e+00,8.382919311523437500e+00,2.974403381347656250e+00,2.326807022094726562e+00,-1.118545532226562500e-01,-3.395816802978515625e+00,-6.908607482910156250e-02,1.040607452392578125e+00,-4.871725082397460938e+00,-3.999717712402343750e+00,5.085975646972656250e+00
-1.107111450195312500e+03,1.272190475463867188e+01,-2.207591629028320312e+01,-6.225872039794921875e+00,1.056993103027343750e+01,-1.110740661621093750e+00,-4.262355804443359375e+00,3.332809448242187500e+00,-3.519241333007812500e+00,-7.841140747070312500e+00,3.960216522216796875e+00,3.946281433105468750e+00,-1.237533950805664062e+01,-1.222347640991210938e+01,5.433506011962890625e+00,1.117129898071289062e+01,4.387371063232421875e+00,1.875577926635742188e+00,4.023933410644531250e-01,-2.844757080078125000e+00,-5.005970001220703125e-01,5.471363067626953125e-01,-4.797697067260742188e+00,-2.283924102783203125e+00,7.417900085449218750e+00
-1.100516357421875000e+03,1.899030685424804688e+01,-2.054048538208007812e+01,-3.905590057373046875e+00,1.717187500000000000e+01,3.537864685058593750e+00,-7.660057067871093750e+00,-2.768257141113281250e+00,-5.001846313476562500e+00,-6.996673583984375000e+00,3.289134979248046875e+00,4.103904724121093750e+00,-1.025286483764648438e+01,-1.069192886352539062e+01,6.510532379150390625e+00,1.240832138061523438e+01,3.427482604980468750e+00,-5.019149780273437500e-01,6.069564819335937500e-02,-2.666557312011718750e+00,-1.863922119140625000e+00,9.631404876708984375e-01,-1.676927566528320312e+00,-4.174346923828125000e-01,8.047714233398437500e+00
-1.097861938476562500e+03,2.305891036987304688e+01,-1.613563919067382812e+01,9.394721984863281250e-01,2.258493041992187500e+01,6.657981872558593750e+00,-1.078498077392578125e+01,-1.013225555419921875e+01,-9.203704833984375000e+00,-5.636840820312500000e+00,4.715000152587890625e+00,3.310356140136718750e+00,-9.203083038330078125e+00,-8.156894683837890625e+00,6.557327270507812500e+00,1.119135665893554688e+01,1.677837371826171875e+00,-4.788002014160156250e+00,-2.619380950927734375e+00,-7.312469482421875000e-01,-1.092758178710937500e+00,-3.940773010253906250e-02,3.336582183837890625e-01,4.919433593750000000e-01,4.885448455810546875e+00
-1.095533203125000000e+03,2.675175094604492188e+01,-1.244943237304687500e+01,2.699970245361328125e+00,2.240632629394531250e+01,6.877723693847656250e+00,-1.091535949707031250e+01,-1.311571502685546875e+01,-1.186219787597656250e+01,-3.981636047363281250e+00,7.024715423583984375e+00,2.774108886718750000e+00,-9.473575592041015625e+00,-7.484203338623046875e+00,4.793491363525390625e+00,7.697776794433593750e+00,-1.915920257568359375e+00,-9.658050537109375000e+00,-6.396411895751953125e+00,-7.107887268066406250e-01,-1.264335632324218750e+00,-1.564908981323242188e+00,2.924421310424804688e+00,5.371803283691406250e+00,4.442962646484375000e+00
-1.097615722656250000e+03,2.717057418823242188e+01,-1.053305053710937500e+01,-7.811393737792968750e-01,1.666372680664062500e+01,4.330131530761718750e+00,-1.091907501220703125e+01,-1.064458465576171875e+01,-7.081451416015625000e+00,-8.716049194335937500e-01,6.956035614013671875e+00,1.537750244140625000e+00,-1.163380050659179688e+01,-1.079500198364257812e+01,1.298313140869140625e+00,4.640357971191406250e+00,-4.024112701416015625e+00,-1.131957244873046875e+01,-8.713092803955078125e+00,-2.707561492919921875e+00,-2.830118179321289062e+00,-3.915945053100585938e+00,3.025453567504882812e+00,9.860027313232421875e+00,6.729957580566406250e+00
-1.101846435546875000e+03,2.460868453979492188e+01,-1.072798156738281250e+01,-5.794719696044921875e+00,7.779205322265625000e+00,-2.424522399902343750e+00,-1.231059265136718750e+01,-4.868881225585937500e+00,2.143825531005859375e+00,2.614097595214843750e+00,4.909542083740234375e+00,2.339530944824218750e+00,-9.443935394287109375e+00,-1.367825698852539062e+01,-3.776515960693359375e+00,1.438598632812500000e+00,-6.441764831542968750e+00,-1.160080337524414062e+01,-6.269039154052734375e+00,-1.775913238525390625e+00,-3.704872131347656250e+00,-3.471736907958984375e+00,3.899381637573242188e+00,1.021336746215820312e+01,7.125911712646484375e+00
-1.101100097656250000e+03,2.434251022338867188e+01,-9.760086059570312500e+00,-5.844280242919921875e+00,-8.018341064453125000e-01,-1.164878082275390625e+01,-1.407805633544921875e+01,-3.927146911621093750e+00,2.612262725830078125e+00,-3.988037109375000000e-01,-5.927925109863281250e-01,3.782974243164062500e+00,-3.446479797363281250e+00,-1.147321701049804688e+01,-1.170646667480468750e+00,5.779773712158203125e+00,-4.273227691650390625e+00,-7.740875244140625000e+00,-5.076370239257812500e-01,5.085945129394531250e-01,-2.497938156127929688e+00,-7.900981903076171875e-01,3.457201004028320312e+00,5.980045318603515625e+00,4.089580535888671875e+00
-1.100763061523437500e+03,2.514072799682617188e+01,-7.145965576171875000e+00,-4.360607147216796875e+00,-3.622146606445312500e+00,-1.316646575927734375e+01,-1.349720764160156250e+01,-6.222808837890625000e+00,-5.054321289062500000e-01,-3.441291809082031250e+00,-4.155467987060546875e+00,4.439247131347656250e+00,3.501586914062500000e-01,-8.712902069091796875e+00,3.387832641601562500e+00,1.229576873779296875e+01,5.676422119140625000e-01,-4.435256958007812500e+00,1.926702499389648438e+00,3.254865646362304688e+00,2.023345947265625000e+00,2.483146667480468750e+00,2.712614059448242188e+00,3.614200592041015625e+00,3.411781311035156250e+00
-1.106499755859375000e+03,2.354001998901367188e+01,-1.153579711914062500e+00,6.478462219238281250e-01,1.789550781250000000e-01,-8.073921203613281250e+00,-9.932624816894531250e+00,-6.860031127929687500e+00,-3.830535888671875000e+00,-7.011459350585937500e+00,-8.689920425415039062e+00,-1.697311401367187500e-01,6.381607055664062500e-01,-4.484130859375000000e+00,5.318099975585937500e+00,1.228263854980468750e+01,2.183300018310546875e+00,-3.569953918457031250e+00,-6.614227294921875000e-01,1.610525131225585938e+00,4.691186904907226562e+00,4.448120117187500000e+00,1.306673049926757812e+00,2.846961975097656250e+00,3.324668884277343750e+00
-1.113053588867187500e+03,2.359919357299804688e+01,7.424255371093750000e+00,4.495441436767578125e+00,2.156372070312500000e+00,-3.477439880371093750e+00,-5.426998138427734375e+00,-3.700378417968750000e+00,-3.588790893554687500e+00,-9.251846313476562500e+00,-1.151834678649902344e+01,-4.099884033203125000e+00,-1.376693725585937500e+00,-4.037765502929687500e+00,2.270233154296875000e+00,9.152801513671875000e+00,5.877330780029296875e+00,1.228580474853515625e-01,-2.821880340576171875e+00,-5.895195007324218750e-01,4.615709304809570312e+00,3.670173645019531250e+00,1.129472732543945312e+00,3.024570465087890625e+00,1.701850891113281250e+00
-1.109658203125000000e+03,2.836323165893554688e+01,9.398834228515625000e+00,3.543903350830078125e+00,2.966140747070312500e+00,-8.762893676757812500e-01,-2.637340545654296875e+00,-1.530830383300781250e+00,-4.586273193359375000e+00,-1.011636352539062500e+01,-8.374078750610351562e+00,-2.813049316406250000e+00,-5.351638793945312500e+00,-8.876399993896484375e+00,-8.804092407226562500e-01,7.837028503417968750e+00,5.006793975830078125e+00,-4.702453613281250000e-01,1.780776977539062500e-01,2.342491149902343750e+00,1.358564376831054688e+00,-1.128654479980468750e-01,1.121458053588867188e+00,2.104629516601562500e+00,1.058464050292968750e+00
-1.104632202148437500e+03,3.038492965698242188e+01,4.120819091796875000e+00,-1.088787078857421875e+00,2.593017578125000000e+00,-5.602035522460937500e-01,-2.121440887451171875e+00,-9.566802978515625000e-01,-6.751136779785156250e+00,-1.084603118896484375e+01,-2.889636993408203125e+00,1.544059753417968750e+00,-8.340267181396484375e+00,-1.298321151733398438e+01,-8.178901672363281250e-01,8.557144165039062500e+00,3.501358032226562500e+00,-6.975784301757812500e-01,3.460165023803710938e+00,4.057981491088867188e+00,-1.343099594116210938e+00,-2.671783447265625000e+00,-1.826572418212890625e-01,4.375877380371093750e-01,3.359790802001953125e+00
-1.101090576171875000e+03,2.657288742065429688e+01,-6.504150390625000000e+00,-2.123699188232421875e+00,7.320449829101562500e+00,-4.784164428710937500e-01,-2.023860931396484375e+00,1.286766052246093750e+00,-7.638305664062500000e+00,-1.092385864257812500e+01,1.850437164306640625e+00,4.452888488769531250e+00,-8.409465789794921875e+00,-1.026378250122070312e+01,1.543224334716796875e+00,6.506275177001953125e+00,2.710079193115234375e+00,1.369466781616210938e+00,2.248403549194335938e+00,1.427650451660156250e-01,-2.706672668457031250e+00,-2.467462539672851562e+00,-1.252325057983398438e+00,-1.096328735351562500e+00,2.457538604736328125e+00
-1.100173950195312500e+03,2.047974777221679688e+01,-1.480041503906250000e+01,1.471393585205078125e+00,1.506970214843750000e+01,2.720909118652343750e+00,-2.667278289794921875e+00,-2.290336608886718750e+00,-8.580223083496093750e+00,-7.828529357910156250e+00,2.702960968017578125e+00,4.134620666503906250e+00,-6.277645111083984375e+00,-6.878597259521484375e+00,4.710136413574218750e+00,6.061218261718750000e+00,-3.963508605957031250e-01,1.073041915893554688e+00,1.197429656982421875e+00,-3.684097290039062500e+00,-2.562227249145507812e+00,-2.969932556152343750e-01,-1.695875167846679688e+00,-1.219142913818359375e+00,7.527694702148437500e-01
-1.098472656250000000e+03,1.820014572143554688e+01,-1.944134902954101562e+01,4.303730010986328125e+00,2.319441223144531250e+01,7.421302795410156250e+00,-6.246040344238281250e+00,-9.715972900390625000e+00,-8.984390258789062500e+00,-2.839462280273437500e+00,2.030490875244140625e+00,3.640365600585937500e-01,-5.923973083496093750e+00,-6.048446655273437500e+00,2.990203857421875000e+00,3.211227416992187500e+00,-4.138370513916015625e+00,-1.405517578125000000e+00,9.692115783691406250e-01,-3.314739227294921875e+00,-1.242332458496093750e-01,3.740859985351562500e+00,4.911022186279296875e-01,5.476455688476562500e-01,2.266864776611328125e+00
-1.096616821289062500e+03,1.771940231323242188e+01,-2.506115341186523438e+01,-9.454765319824218750e-01,2.305934143066406250e+01,8.359718322753906250e+00,-9.296165466308593750e+00,-1.380677795410156250e+01,-9.136581420898437500e+00,-7.489242553710937500e-01,1.462551116943359375e+00,-1.954704284667968750e+00,-6.209934234619140625e+00,-6.982852935791015625e+00,-1.827163696289062500e+00,-1.067852020263671875e+00,-4.704830169677734375e+00,-9.995422363281250000e-01,1.281486511230468750e+00,-2.306022644042968750e+00,1.217206954956054688e+00,5.320463180541992188e+00,2.331480026245117188e+00,3.362190246582031250e+00,5.692653656005859375e+00
-9.827921142578125000e+02,-4.554862976074218750e+01,-3.673574829101562500e+01,1.707027435302734375e+00,1.374011230468750000e+01,-7.111927032470703125e+00,-1.686140060424804688e+01,1.176324462890625000e+01,-9.306623458862304688e+00,-1.387748718261718750e+00,-6.201667785644531250e+00,1.043587112426757812e+01,-5.175951004028320312e+00,-6.744804382324218750e-01,-7.861438751220703125e+00,9.519912719726562500e+00,-8.998949050903320312e+00,1.185348701477050781e+01,-9.967365264892578125e+00,7.988740921020507812e+00,7.717895507812500000e-01,7.820104598999023438e+00,4.035476684570312500e+00,6.085073471069335938e+00,2.942928314208984375e+00
-8.855734863281250000e+02,-7.290213012695312500e+01,-2.627166748046875000e+01,-7.791700363159179688e+00,2.015032768249511719e+01,-1.629870986938476562e+01,-1.325970649719238281e+01,2.590042304992675781e+01,-5.486980438232421875e+00,-1.409381866455078125e+00,-1.171631813049316406e+01,1.646535873413085938e+01,-1.119112014770507812e+00,-4.937414169311523438e+00,-7.056503295898437500e+00,9.156509399414062500e+00,-3.875040054321289062e+00,1.111712837219238281e+01,-9.709384918212890625e+00,7.334941864013671875e+00,5.135564804077148438e+00,4.383605957031250000e+00,2.335136413574218750e+00,2.907129287719726562e+00,2.237964630126953125e+00
-8.336578979492187500e+02,-8.834694671630859375e+01,-1.446789550781250000e+01,-1.514781951904296875e+01,2.848209953308105469e+01,-2.130150794982910156e+01,-1.176230239868164062e+01,3.164875602722167969e+01,-7.482490539550781250e+00,3.055534362792968750e-01,-1.818452072143554688e+01,1.926660728454589844e+01,-3.904939651489257812e+00,-7.610204696655273438e+00,-8.737536430358886719e+00,7.635411262512207031e+00,-8.083686828613281250e-01,6.700222015380859375e+00,-6.299909591674804688e+00,3.054239273071289062e+00,1.079754447937011719e+01,-2.440856933593750000e+00,3.893501281738281250e+00,-2.151899337768554688e+00,3.166193008422851562e+00
-8.147987060546875000e+02,-1.034131393432617188e+02,-5.438205718994140625e+00,-2.104366683959960938e+01,3.696160888671875000e+01,-2.636577796936035156e+01,-1.238570785522460938e+01,3.628191757202148438e+01,-1.077742958068847656e+01,1.706449508666992188e+00,-2.290454864501953125e+01,2.121466827392578125e+01,-7.574920654296875000e+00,-8.495779037475585938e+00,-9.693424224853515625e+00,6.316839218139648438e+00,1.497196197509765625e+00,3.140297889709472656e+00,-2.735111236572265625e+00,-7.895965576171875000e-01,1.614871788024902344e+01,-8.184007644653320312e+00,5.826944351196289062e+00,-6.722337722778320312e+00,4.753528594970703125e+00
-8.140092163085937500e+02,-1.282039947509765625e+02,6.855466842651367188e+00,-2.449015045166015625e+01,4.629099273681640625e+01,-2.913238716125488281e+01,-1.910328483581542969e+01,4.378433990478515625e+01,-1.599816894531250000e+01,3.426265716552734375e+00,-2.593516540527343750e+01,2.220552253723144531e+01,-1.009204292297363281e+01,-9.348957061767578125e+00,-7.343398094177246094e+00,2.792034149169921875e-01,5.684043884277343750e+00,-2.199409484863281250e+00,-1.506573677062988281e+00,-3.527392387390136719e+00,1.681540298461914062e+01,-9.397914886474609375e+00,2.881204605102539062e+00,-7.652716636657714844e+00,3.128426551818847656e+00
-8.075109863281250000e+02,-1.649093017578125000e+02,2.369366836547851562e+01,-1.199895286560058594e+01,4.873245239257812500e+01,-2.267606735229492188e+01,-3.344582748413085938e+01,4.898628234863281250e+01,-2.450056838989257812e+01,1.045863151550292969e+01,-2.258232116699218750e+01,2.214413452148437500e+01,-1.554830551147460938e+00,-7.920383453369140625e+00,-1.511440277099609375e+00,-8.525485992431640625e+00,9.491985321044921875e+00,-1.250942611694335938e+01,-9.518632888793945312e-01,-1.202408790588378906e+00,4.828137397766113281e+00,-2.588212013244628906e+00,-2.144117355346679688e+00,-6.886225700378417969e+00,6.887056350708007812e+00
-7.746594238281250000e+02,-1.821545257568359375e+02,3.382015991210937500e+01,1.677598953247070312e+00,3.171177482604980469e+01,-1.379079437255859375e+01,-3.823653793334960938e+01,5.645951080322265625e+01,-2.940108871459960938e+01,1.826247596740722656e+01,-1.353260040283203125e+01,1.966996002197265625e+01,6.207593917846679688e+00,-1.088280868530273438e+01,1.670394897460937500e+00,-1.269855880737304688e+01,8.656059265136718750e+00,-1.137652778625488281e+01,3.088358879089355469e+00,1.506062507629394531e+00,-1.997817993164062500e+00,3.216632843017578125e+00,-5.166579246520996094e+00,1.094755172729492188e+00,1.360108470916748047e+01
-7.389442749023437500e+02,-1.837397308349609375e+02,3.620494461059570312e+01,1.016342735290527344e+01,1.299204826354980469e+01,-2.088748931884765625e+00,-3.788979339599609375e+01,6.947743988037109375e+01,-3.004503822326660156e+01,2.228664588928222656e+01,-6.321393966674804688e+00,9.093389511108398438e+00,5.219745635986328125e+00,-1.441136932373046875e+01,6.452325820922851562e+00,-7.501331329345703125e+00,6.867036819458007812e+00,-6.278179168701171875e+00,1.386468887329101562e+00,-2.596265792846679688e+00,-8.151390075683593750e+00,8.539990425109863281e+00,-5.620373725891113281e+00,1.991465568542480469e+00,1.206322479248046875e+01
-7.183990478515625000e+02,-1.858064727783203125e+02,3.045137214660644531e+01,2.286290359497070312e+01,2.747053146362304688e+00,1.099772644042968750e+01,-4.224922180175781250e+01,8.146250152587890625e+01,-2.712291145324707031e+01,2.161346435546875000e+01,-5.121793746948242188e+00,-1.178949356079101562e+00,4.655252456665039062e+00,-1.698262786865234375e+01,8.256803512573242188e+00,-5.512809753417968750e-02,4.278659820556640625e+00,-3.161979675292968750e+00,-3.780179977416992188e+00,-1.776462554931640625e+00,-1.496370792388916016e+01,1.068455696105957031e+01,-9.888715744018554688e-01,-1.420192718505859375e+00,6.175053596496582031e+00
-7.042091064453125000e+02,-1.834638519287109375e+02,1.669962692260742188e+01,3.281456756591796875e+01,-4.253738403320312500e+00,2.982558822631835938e+01,-4.711479949951171875e+01,8.547702789306640625e+01,-2.694500923156738281e+01,1.585936355590820312e+01,-1.060159206390380859e+01,-1.658681869506835938e+01,1.114418029785156250e+00,-1.612221527099609375e+01,8.934585571289062500e+00,8.495597839355468750e+00,2.744346618652343750e+00,-2.779903411865234375e-01,-1.031671714782714844e+01,3.487594604492187500e+00,-1.332366752624511719e+01,1.035382175445556641e+01,3.987499237060546875e+00,-5.098947525024414062e+00,1.893187522888183594e+00
-6.912709350585937500e+02,-1.798343505859375000e+02,3.751884460449218750e+00,3.365398025512695312e+01,-1.583758735656738281e+01,4.482465744018554688e+01,-4.928968429565429688e+01,7.916687774658203125e+01,-2.929600906372070312e+01,4.937583923339843750e+00,-1.059695625305175781e+01,-3.131105613708496094e+01,1.392631530761718750e+00,-1.092865180969238281e+01,7.542535781860351562e+00,1.592787933349609375e+01,-1.824583053588867188e+00,2.857984542846679688e+00,-1.263921451568603516e+01,4.412633895874023438e+00,-2.652748107910156250e+00,4.746409416198730469e+00,1.013958168029785156e+01,-5.082874298095703125e+00,4.693527221679687500e-01
-6.762775268554687500e+02,-1.778799438476562500e+02,-4.369277954101562500e-01,2.732588005065917969e+01,-3.323583602905273438e+01,4.404925537109375000e+01,-5.229711532592773438e+01,6.520108795166015625e+01,-2.884547996520996094e+01,-5.165874481201171875e+00,-2.211950302124023438e+00,-3.390689468383789062e+01,7.971649169921875000e+00,-4.044475555419921875e-01,1.960588455200195312e+00,1.795921325683593750e+01,-6.604190826416015625e+00,7.593327522277832031e+00,-9.777012825012207031e+00,3.619483947753906250e+00,9.339506149291992188e+00,6.984519958496093750e-01,1.313503837585449219e+01,2.394513130187988281e+00,-1.838808059692382812e-01
-6.602503051757812500e+02,-1.762510223388671875e+02,3.420206069946289062e+00,3.329528427124023438e+01,-4.450858306884765625e+01,4.601557159423828125e+01,-4.998295211791992188e+01,5.728883361816406250e+01,-2.002528572082519531e+01,-9.076456069946289062e+00,6.768245697021484375e+00,-2.657406044006347656e+01,1.239568710327148438e+01,1.336305236816406250e+01,-6.162990570068359375e+00,1.793395233154296875e+01,-4.615766525268554688e+00,7.343532562255859375e+00,-1.880907058715820312e+00,8.548736572265625000e-03,1.360955619812011719e+01,-4.941251754760742188e+00,7.972026824951171875e+00,3.705165863037109375e+00,-9.005464553833007812e+00
-6.373906860351562500e+02,-1.701517486572265625e+02,5.050912857055664062e+00,4.393144607543945312e+01,-5.438299560546875000e+01,5.217273330688476562e+01,-4.342790985107421875e+01,4.932954406738281250e+01,-5.660343170166015625e+00,-7.761318206787109375e+00,1.382929039001464844e+01,-1.859090042114257812e+01,5.960647583007812500e+00,1.712711143493652344e+01,-1.288285636901855469e+01,1.569754600524902344e+01,3.749063491821289062e+00,1.199838638305664062e+00,3.093704223632812500e+00,1.866441726684570312e+00,8.577575683593750000e+00,-7.717412948608398438e+00,6.872596740722656250e-01,-4.336891174316406250e+00,-1.976316642761230469e+01
-6.033384399414062500e+02,-1.541754608154296875e+02,4.734228134155273438e+00,4.705237579345703125e+01,-6.164408493041992188e+01,5.686631774902343750e+01,-3.524809646606445312e+01,3.013195037841796875e+01,4.981945037841796875e+00,-9.416179656982421875e+00,2.010272407531738281e+01,-1.303788375854492188e+01,-7.426411628723144531e+00,1.690572357177734375e+01,-1.003507041931152344e+01,1.456338691711425781e+01,1.431849670410156250e+01,-1.048549079895019531e+01,3.833061218261718750e+00,2.691565513610839844e+00,6.233558654785156250e-01,-5.794855117797851562e+00,-2.767818450927734375e+00,-1.403712463378906250e+01,-1.719200897216796875e+01
-5.674080810546875000e+02,-1.348956146240234375e+02,1.345296859741210938e+00,5.270455932617187500e+01,-7.295345306396484375e+01,4.658518981933593750e+01,-2.774125671386718750e+01,5.806480407714843750e+00,1.181880378723144531e+01,-1.196705245971679688e+01,2.188968467712402344e+01,-1.211595535278320312e+00,-1.044318675994873047e+01,1.841323852539062500e+01,-4.223730087280273438e+00,6.986810684204101562e+00,1.356278610229492188e+01,-1.315733528137207031e+01,1.725687026977539062e+00,-2.963621139526367188e+00,-4.715087890625000000e+00,-3.102426528930664062e+00,-7.142246246337890625e+00,-1.495961284637451172e+01,-7.277781486511230469e+00
-5.404415283203125000e+02,-1.214794616699218750e+02,-1.093924331665039062e+01,6.738019561767578125e+01,-8.181967926025390625e+01,2.956711769104003906e+01,-1.897702217102050781e+01,-1.232104682922363281e+01,1.631253623962402344e+01,-1.242924499511718750e+01,1.918536949157714844e+01,7.041782379150390625e+00,-9.461947441101074219e+00,1.167796707153320312e+01,7.668304443359375000e-01,1.637029647827148438e+00,8.572584152221679688e+00,-7.419670104980468750e+00,-3.344879150390625000e-01,-4.771137237548828125e+00,-4.528999328613281250e+00,2.574395179748535156e+00,-1.207486534118652344e+01,-1.013386821746826172e+01,3.782749176025390625e-01
-5.296382446289062500e+02,-1.133486175537109375e+02,-2.633966064453125000e+01,8.368202209472656250e+01,-8.590834045410156250e+01,1.375389480590820312e+01,-1.385999870300292969e+01,-2.046560096740722656e+01,1.490872764587402344e+01,-1.329549026489257812e+01,1.736342811584472656e+01,1.022578334808349609e+01,-8.134426116943359375e+00,5.498398780822753906e+00,6.787256240844726562e+00,-2.223350524902343750e+00,8.653354644775390625e+00,-4.614734649658203125e-01,-2.682523727416992188e+00,-1.618734359741210938e+00,-3.925442695617675781e+00,6.377837181091308594e+00,-1.320767402648925781e+01,-4.892369270324707031e+00,4.638043403625488281e+00
-5.285842285156250000e+02,-1.116747970581054688e+02,-4.148865890502929688e+01,9.840486145019531250e+01,-8.560637664794921875e+01,6.163906097412109375e+00,-1.343157577514648438e+01,-2.079372406005859375e+01,9.735967636108398438e+00,-1.387682533264160156e+01,1.135658645629882812e+01,1.276284408569335938e+01,-5.851584434509277344e+00,-2.829710006713867188e+00,1.026522064208984375e+01,-2.808790206909179688e+00,4.933134078979492188e+00,3.780181884765625000e+00,-2.503933906555175781e+00,-1.710186004638671875e-01,-1.236321449279785156e+00,4.662282943725585938e+00,-9.309720039367675781e+00,1.835012435913085938e-01,5.722837448120117188e+00
-5.323241577148437500e+02,-1.114909057617187500e+02,-5.454193115234375000e+01,1.085958938598632812e+02,-7.859860229492187500e+01,8.046262741088867188e+00,-8.579442977905273438e+00,-1.560148620605468750e+01,4.671047210693359375e+00,-1.826423072814941406e+01,7.309551239013671875e-01,1.246173381805419922e+01,-3.763887405395507812e+00,-8.111875534057617188e+00,7.002376556396484375e+00,-3.341184616088867188e+00,-4.718811035156250000e+00,3.618634223937988281e+00,-2.912039756774902344e+00,-1.903234481811523438e+00,3.641584396362304688e+00,5.010528564453125000e-01,-4.164733886718750000e+00,1.462153434753417969e+00,3.591254234313964844e+00
-5.420629882812500000e+02,-1.131174163818359375e+02,-6.483731079101562500e+01,1.113471832275390625e+02,-6.600495910644531250e+01,1.450984382629394531e+01,5.265079498291015625e+00,-9.625741958618164062e+00,3.553209304809570312e+00,-2.432617950439453125e+01,-1.002744388580322266e+01,9.182727813720703125e+00,-3.485134124755859375e+00,-9.006170272827148438e+00,3.922058105468750000e+00,-3.432846069335937500e-01,-9.763502120971679688e+00,6.773782730102539062e+00,-2.397645950317382812e+00,-2.207719802856445312e+00,7.726732254028320312e+00,-1.377441406250000000e+00,-1.968657493591308594e+00,1.510967254638671875e+00,-1.628232002258300781e+00
-5.521950683593750000e+02,-1.086720352172851562e+02,-7.066535949707031250e+01,1.108129577636718750e+02,-5.939432525634765625e+01,1.566255760192871094e+01,1.450522041320800781e+01,-7.292535781860351562e+00,6.617322921752929688e+00,-2.550212860107421875e+01,-1.627252197265625000e+01,9.200353622436523438e+00,-6.293384552001953125e+00,-7.613264083862304688e+00,4.748893737792968750e+00,3.538927078247070312e+00,-5.900295257568359375e+00,1.235535049438476562e+01,-1.596023559570312500e+00,-1.230463027954101562e+00,8.763345718383789062e+00,-4.867847442626953125e+00,-1.668440818786621094e+00,2.761982917785644531e+00,-4.295694351196289062e+00
-5.574022827148437500e+02,-1.033324050903320312e+02,-7.045179748535156250e+01,1.100349884033203125e+02,-5.924582672119140625e+01,9.306253433227539062e+00,1.119577217102050781e+01,-8.150167465209960938e+00,1.170882034301757812e+01,-2.054314231872558594e+01,-1.219175338745117188e+01,1.495591545104980469e+01,-3.916744232177734375e+00,-4.151388168334960938e+00,7.845777511596679688e+00,2.059864044189453125e+00,-2.988483428955078125e+00,1.359737110137939453e+01,-4.143526077270507812e+00,2.682596206665039062e+00,9.184562683105468750e+00,-7.372823715209960938e+00,-2.967528343200683594e+00,3.022457122802734375e+00,-7.603262901306152344e+00
-5.614659423828125000e+02,-1.034367828369140625e+02,-6.688541412353515625e+01,1.127291946411132812e+02,-6.112672424316406250e+01,4.303953170776367188e+00,5.272644042968750000e+00,-7.563583374023437500e+00,1.949497032165527344e+01,-1.522730445861816406e+01,-6.909069061279296875e+00,1.745272445678710938e+01,-1.193059921264648438e+00,-1.486713409423828125e+00,1.105995178222656250e+01,4.941253662109375000e-01,-1.298070907592773438e+00,1.254747867584228516e+01,-6.303957939147949219e+00,5.644967079162597656e+00,6.872812271118164062e+00,-1.030691719055175781e+01,-7.430600166320800781e+00,-1.889514923095703125e-01,-1.297980499267578125e+01
-5.640844116210937500e+02,-9.809756469726562500e+01,-5.552904510498046875e+01,1.196965866088867188e+02,-6.334621429443359375e+01,2.281051635742187500e+00,3.795780181884765625e+00,-1.350350761413574219e+01,2.637869071960449219e+01,-1.587282562255859375e+01,-6.748405456542968750e+00,1.804183959960937500e+01,-3.882999420166015625e+00,-1.558746337890625000e+00,1.161090278625488281e+01,-4.752761840820312500e+00,-3.172302246093750000e-01,6.503169059753417969e+00,-7.130177497863769531e+00,6.352509498596191406e+00,5.096546173095703125e+00,-9.110433578491210938e+00,-6.314617156982421875e+00,-1.600618362426757812e-01,-1.175262165069580078e+01
-5.649104003906250000e+02,-8.492514801025390625e+01,-3.370258712768554688e+01,1.146675186157226562e+02,-6.502751922607421875e+01,1.145122528076171875e+00,1.551105117797851562e+01,-2.480913162231445312e+01,3.901688385009765625e+01,-1.993576240539550781e+01,-4.918328285217285156e+00,1.642782974243164062e+01,-1.040057373046875000e+01,-4.214208602905273438e+00,1.466728019714355469e+01,-9.715847015380859375e+00,5.165746688842773438e+00,-2.811803817749023438e+00,-6.947456359863281250e+00,4.591426849365234375e+00,1.234998703002929688e+00,-7.390239715576171875e+00,-5.046912193298339844e+00,2.604867935180664062e+00,-6.554295539855957031e+00
-5.739359130859375000e+02,-7.073887634277343750e+01,-8.109479904174804688e+00,9.553768920898437500e+01,-7.245463562011718750e+01,9.495424270629882812e+00,2.831367492675781250e+01,-3.900251770019531250e+01,5.020536041259765625e+01,-2.457467269897460938e+01,-5.125804901123046875e+00,1.297814273834228516e+01,-1.830658531188964844e+01,-3.719434738159179688e+00,1.281878089904785156e+01,-8.817316055297851562e+00,1.359650802612304688e+01,-7.671133995056152344e+00,-6.325605392456054688e+00,3.506180763244628906e+00,-1.172787666320800781e+00,-3.121972084045410156e+00,-8.277351379394531250e+00,7.737260818481445312e+00,-2.241506576538085938e+00
-5.740070800781250000e+02,-8.221571350097656250e+01,1.500540924072265625e+01,7.573325347900390625e+01,-8.030100250244140625e+01,3.389075088500976562e+01,1.319699287414550781e+01,-3.312604522705078125e+01,5.465072631835937500e+01,-3.554529190063476562e+01,2.856254577636718750e+00,-6.147499084472656250e-01,-1.809109497070312500e+01,-4.733766555786132812e+00,8.422935485839843750e+00,-2.557768821716308594e+00,1.140742015838623047e+01,5.124311447143554688e-01,-1.057893085479736328e+01,2.363316535949707031e+00,2.370109558105468750e-01,-9.828701019287109375e-01,-7.542725563049316406e+00,6.291421890258789062e+00,3.409514427185058594e+00
-5.746268310546875000e+02,-1.052898864746093750e+02,1.875139236450195312e+01,6.439553070068359375e+01,-7.708074951171875000e+01,4.387037658691406250e+01,-8.320161819458007812e+00,-1.378179168701171875e+01,4.927159881591796875e+01,-4.556954574584960938e+01,7.259031295776367188e+00,-1.047565460205078125e+01,-1.643988609313964844e+01,-5.649173736572265625e+00,5.411683082580566406e+00,8.755445480346679688e-01,9.482391357421875000e+00,1.481457710266113281e+00,-1.130798721313476562e+01,4.781637191772460938e+00,-1.123022079467773438e+00,4.408764839172363281e+00,-6.447378158569335938e+00,3.809580802917480469e+00,8.224347114562988281e+00
-5.898123168945312500e+02,-1.295424652099609375e+02,1.183779335021972656e+01,6.079448699951171875e+01,-7.486977386474609375e+01,4.434434509277343750e+01,-2.378145980834960938e+01,-3.181678771972656250e+00,3.609230804443359375e+01,-5.018925094604492188e+01,8.504241943359375000e+00,-2.022439384460449219e+01,-1.330600929260253906e+01,-2.960008621215820312e+00,7.554359436035156250e-01,2.274683952331542969e+00,5.841619491577148438e+00,-3.501633644104003906e+00,-1.181051731109619141e+01,9.628694534301757812e+00,-1.957385063171386719e+00,6.643614768981933594e+00,-3.585066795349121094e+00,3.800049781799316406e+00,9.694066047668457031e+00
-6.191932373046875000e+02,-1.462816467285156250e+02,5.192363739013671875e+00,6.655725097656250000e+01,-6.835063171386718750e+01,4.764286041259765625e+01,-3.391126632690429688e+01,1.334447860717773438e+00,1.957435798645019531e+01,-4.883664703369140625e+01,1.036360549926757812e+01,-2.721876907348632812e+01,-8.635328292846679688e+00,-3.492086410522460938e+00,-4.715932846069335938e+00,2.944429397583007812e+00,-4.184240341186523438e+00,-5.395601272583007812e+00,-7.632761001586914062e+00,1.060937690734863281e+01,-5.099699974060058594e+00,2.524055480957031250e+00,-9.395957946777343750e+00,-2.790069580078125000e-02,3.129019737243652344e+00
-6.706330566406250000e+02,-1.610694274902343750e+02,6.810626983642578125e-01,8.314306640625000000e+01,-5.601390838623046875e+01,5.899792861938476562e+01,-4.169295501708984375e+01,5.088760375976562500e+00,3.586795806884765625e+00,-3.935626220703125000e+01,1.803454208374023438e+01,-2.232663726806640625e+01,2.773866653442382812e+00,-3.628234863281250000e+00,-1.043094539642333984e+01,2.152626037597656250e+00,-1.149592590332031250e+01,2.671503067016601562e+00,2.944458007812500000e+00,1.585495376586914062e+01,-3.453876495361328125e+00,-2.817344665527343750e-02,-1.100851631164550781e+01,-4.059445381164550781e+00,-2.816430091857910156e+00
-7.382041625976562500e+02,-1.811255035400390625e+02,-8.508306503295898438e+00,9.806127929687500000e+01,-6.725048828125000000e+01,6.915184783935546875e+01,-5.763896179199218750e+01,1.701784515380859375e+01,-6.011819839477539062e+00,-1.393413543701171875e+01,1.579702377319335938e+01,-1.558737182617187500e+01,9.761108398437500000e+00,-4.317426681518554688e+00,-4.407848358154296875e+00,2.356647491455078125e+00,-1.120823574066162109e+01,7.119956970214843750e+00,-3.508968353271484375e-01,8.805320739746093750e+00,-4.951677322387695312e+00,8.364257812500000000e-01,1.251338958740234375e+00,2.290252685546875000e+00,5.220928192138671875e-01
-7.974666137695312500e+02,-2.123311767578125000e+02,-2.397713470458984375e+01,9.096133422851562500e+01,-9.628233337402343750e+01,7.735826110839843750e+01,-6.841045379638671875e+01,2.476482772827148438e+01,-2.027659416198730469e+01,9.085195541381835938e+00,1.604608154296875000e+01,-4.238872528076171875e+00,1.558050155639648438e+01,-5.451522827148437500e+00,6.368059158325195312e+00,-1.133258819580078125e+00,-2.178356170654296875e+00,9.340120315551757812e+00,-2.464485168457031250e-02,7.607339859008789062e+00,5.253286361694335938e+00,5.175060272216796875e+00,4.965555191040039062e+00,3.791503906250000000e+00,-1.834392547607421875e-01
-8.037924804687500000e+02,-2.126868438720703125e+02,-1.772778320312500000e+01,9.550479125976562500e+01,-8.983226013183593750e+01,8.267042541503906250e+01,-6.964340972900390625e+01,2.625868797302246094e+01,-2.259836196899414062e+01,1.791700363159179688e+01,1.804029464721679688e+01,2.580127716064453125e+00,1.457658767700195312e+01,-1.162186431884765625e+01,1.148041152954101562e+01,-8.012027740478515625e+00,7.122144699096679688e+00,1.449418163299560547e+01,-6.362457275390625000e-01,6.297824859619140625e+00,6.888549804687500000e+00,6.000062942504882812e+00,-1.075082778930664062e+00,2.585433959960937500e+00,-4.582057952880859375e+00
-8.070194091796875000e+02,-2.077332916259765625e+02,-1.598478317260742188e+01,9.836763000488281250e+01,-8.429174804687500000e+01,8.417564392089843750e+01,-6.537161254882812500e+01,3.053036689758300781e+01,-2.047970771789550781e+01,2.059180259704589844e+01,1.237609863281250000e+01,9.654111862182617188e+00,1.638820266723632812e+01,-9.449111938476562500e+00,1.629469490051269531e+01,-1.597417831420898438e+01,1.022240829467773438e+01,1.356108188629150391e+01,-4.558826446533203125e+00,6.077655792236328125e+00,2.506212234497070312e+00,5.771535873413085938e+00,-5.068099975585937500e+00,4.387899398803710938e+00,-7.065870285034179688e+00
-8.136349487304687500e+02,-1.984530944824218750e+02,-1.156377792358398438e+01,1.005774078369140625e+02,-8.191486358642578125e+01,7.806089782714843750e+01,-5.818732452392578125e+01,3.251158523559570312e+01,-1.980880737304687500e+01,2.078287887573242188e+01,1.930667877197265625e+00,1.255904197692871094e+01,1.699787902832031250e+01,-5.099281311035156250e+00,2.413760375976562500e+01,-2.043920326232910156e+01,1.276906585693359375e+01,8.132122039794921875e+00,-1.232736015319824219e+01,9.008071899414062500e+00,-4.648084640502929688e+00,3.516244888305664062e+00,-9.764388084411621094e+00,1.019981956481933594e+01,-5.105421066284179688e+00
-8.193850708007812500e+02,-1.904379577636718750e+02,-5.824893951416015625e+00,1.030072784423828125e+02,-8.400779724121093750e+01,7.003848266601562500e+01,-5.415024185180664062e+01,3.060807609558105469e+01,-1.964106750488281250e+01,2.087178421020507812e+01,-6.734737396240234375e+00,7.183750152587890625e+00,1.742997741699218750e+01,-5.125045776367187500e+00,3.251042175292968750e+01,-1.478605651855468750e+01,1.543162155151367188e+01,4.333034515380859375e+00,-1.847905158996582031e+01,9.249334335327148438e+00,-9.876457214355468750e+00,1.499526977539062500e+00,-1.592111587524414062e+01,1.241565322875976562e+01,-2.639102935791015625e+00
-8.227155761718750000e+02,-1.859822692871093750e+02,-2.638084411621093750e+00,1.022576904296875000e+02,-9.075262451171875000e+01,6.483399200439453125e+01,-5.566114807128906250e+01,2.797109603881835938e+01,-1.725137710571289062e+01,2.017410850524902344e+01,-1.152462005615234375e+01,-5.377311706542968750e-01,2.049898147583007812e+01,-9.783317565917968750e+00,3.444884490966796875e+01,-5.539714813232421875e+00,1.367164611816406250e+01,2.518383026123046875e+00,-2.283772468566894531e+01,5.097488403320312500e+00,-6.647222518920898438e+00,6.321151733398437500e+00,-1.768786239624023438e+01,1.157201194763183594e+01,-1.583068847656250000e+00
-8.272355957031250000e+02,-1.818623504638671875e+02,-4.875217437744140625e+00,9.713374328613281250e+01,-1.011288604736328125e+02,5.733358001708984375e+01,-5.776447677612304688e+01,2.725749588012695312e+01,-1.150778007507324219e+01,1.662509918212890625e+01,-1.738550949096679688e+01,-1.367736816406250000e+00,1.967493820190429688e+01,-2.257143783569335938e+01,3.010327339172363281e+01,-8.108367919921875000e-01,1.356573867797851562e+01,4.530925750732421875e+00,-2.205131149291992188e+01,5.176509857177734375e+00,-6.063241958618164062e+00,1.320395660400390625e+01,-1.630709457397460938e+01,1.062961196899414062e+01,5.044300079345703125e+00
-8.359708251953125000e+02,-1.878668823242187500e+02,-1.805265808105468750e+01,9.255226898193359375e+01,-1.063387832641601562e+02,4.691682434082031250e+01,-5.709929275512695312e+01,2.966480255126953125e+01,-8.795455932617187500e+00,1.249555969238281250e+01,-2.232813644409179688e+01,1.196441650390625000e-01,1.391241836547851562e+01,-3.236776733398437500e+01,3.021500015258789062e+01,-1.241666793823242188e+00,9.530046463012695312e+00,2.990835189819335938e+00,-1.836593246459960938e+01,1.104068183898925781e+01,-9.954961776733398438e+00,1.563381958007812500e+01,-1.291137695312500000e+01,6.256763458251953125e+00,8.332294464111328125e+00
-8.451940307617187500e+02,-1.942658691406250000e+02,-3.052032852172851562e+01,9.246508789062500000e+01,-1.003858642578125000e+02,4.484798431396484375e+01,-4.821540832519531250e+01,3.677209091186523438e+01,-1.109416198730468750e+01,1.451741600036621094e+01,-2.078194427490234375e+01,2.426486968994140625e+00,7.554706573486328125e+00,-3.293555068969726562e+01,3.262857437133789062e+01,-4.734642028808593750e+00,8.136240005493164062e+00,5.294273376464843750e+00,-1.589052200317382812e+01,1.556959342956542969e+01,-1.300989341735839844e+01,1.122129249572753906e+01,-1.163860321044921875e+01,3.953554153442382812e+00,5.750547409057617188e+00
-8.532757568359375000e+02,-1.960783996582031250e+02,-3.284610366821289062e+01,9.343260955810546875e+01,-9.350402832031250000e+01,5.220760345458984375e+01,-4.411177444458007812e+01,3.860284423828125000e+01,-2.415743255615234375e+01,1.395373725891113281e+01,-1.916215515136718750e+01,5.847183227539062500e+00,3.983665466308593750e+00,-2.929856872558593750e+01,3.307646942138671875e+01,-6.281402587890625000e+00,6.407703399658203125e+00,1.002734565734863281e+01,-1.173718452453613281e+01,1.224030876159667969e+01,-1.371429634094238281e+01,9.662122726440429688e+00,-8.081462860107421875e+00,4.880594253540039062e+00,2.051658630371093750e-01
-8.564895629882812500e+02,-1.863543701171875000e+02,-2.159225463867187500e+01,9.995668029785156250e+01,-8.578056335449218750e+01,6.529469299316406250e+01,-4.266576385498046875e+01,3.935409927368164062e+01,-3.111681747436523438e+01,1.472870254516601562e+01,-1.786156845092773438e+01,1.561744689941406250e+00,3.071262359619140625e+00,-2.095838165283203125e+01,3.411899948120117188e+01,-7.863407135009765625e+00,-1.754837036132812500e-01,1.197139739990234375e+01,-8.542158126831054688e+00,5.747179031372070312e+00,-9.465019226074218750e+00,1.710215759277343750e+01,-2.718961715698242188e+00,6.284292221069335938e+00,-1.135009765625000000e+00
-8.589177856445312500e+02,-1.743350830078125000e+02,-1.231140899658203125e+01,1.017264709472656250e+02,-8.391712951660156250e+01,6.862922668457031250e+01,-5.206211090087890625e+01,3.946403503417968750e+01,-2.337244033813476562e+01,1.511022758483886719e+01,-1.965344238281250000e+01,-4.517063140869140625e+00,3.911468505859375000e+00,-1.579040527343750000e+01,3.488602066040039062e+01,-9.102478027343750000e+00,-1.118953704833984375e+00,1.254069137573242188e+01,-6.932012557983398438e+00,1.207357406616210938e+00,-4.353191375732421875e+00,2.290562057495117188e+01,-2.589719772338867188e+00,4.442630767822265625e+00,1.145334243774414062e+00
-8.610033569335937500e+02,-1.688939514160156250e+02,-1.570777893066406250e+01,1.008766403198242188e+02,-8.198915100097656250e+01,6.816814422607421875e+01,-6.134326934814453125e+01,4.175547790527343750e+01,-1.535988426208496094e+01,1.020552825927734375e+01,-1.794507598876953125e+01,-5.499965667724609375e+00,6.868541717529296875e+00,-1.691625213623046875e+01,3.183803176879882812e+01,-7.634254455566406250e+00,3.569766998291015625e+00,1.228782463073730469e+01,-4.846326828002929688e+00,6.888933181762695312e+00,-3.236389160156250000e+00,2.125676918029785156e+01,-8.532962799072265625e-01,4.352741241455078125e+00,2.574962615966796875e+00
-8.444138793945312500e+02,-1.608923645019531250e+02,-4.181080627441406250e+01,7.712315368652343750e+01,-8.485766601562500000e+01,8.556759643554687500e+01,-5.134215164184570312e+01,3.834125518798828125e+01,-2.395283889770507812e+01,3.845924377441406250e+00,-3.198657989501953125e+00,4.191246032714843750e-01,5.707973480224609375e+00,-2.666344451904296875e+01,2.358344650268554688e+01,-7.987998962402343750e+00,1.020835876464843750e+01,1.931200599670410156e+01,-3.813493728637695312e+00,1.325372123718261719e+01,-2.140319824218750000e+00,1.478326416015625000e+01,-3.002874374389648438e+00,1.433025360107421875e+00,7.553318023681640625e+00
-8.303213500976562500e+02,-1.553367309570312500e+02,-5.958632659912109375e+01,6.421274566650390625e+01,-8.622267150878906250e+01,9.823352050781250000e+01,-4.115109252929687500e+01,3.220335388183593750e+01,-2.752121734619140625e+01,3.943534851074218750e+00,1.818027496337890625e+00,2.208438873291015625e+00,4.979694366455078125e+00,-2.904773712158203125e+01,1.903774642944335938e+01,-1.221528244018554688e+01,3.773895263671875000e+00,2.353147888183593750e+01,-6.875843048095703125e+00,9.786573410034179688e+00,-4.007068634033203125e+00,9.657623291015625000e+00,-3.446336746215820312e+00,-4.816848754882812500e+00,1.212788391113281250e+01
-8.245223999023437500e+02,-1.449949340820312500e+02,-6.371758651733398438e+01,6.027985382080078125e+01,-8.655329895019531250e+01,1.012783813476562500e+02,-3.579190826416015625e+01,2.099929618835449219e+01,-3.145817947387695312e+01,1.333106994628906250e+00,4.525333404541015625e+00,4.814369201660156250e+00,7.246677398681640625e+00,-2.388542938232421875e+01,1.723043441772460938e+01,-1.337488174438476562e+01,-4.696910858154296875e+00,2.447018623352050781e+01,-1.392742538452148438e+01,5.329778671264648438e+00,-7.164371490478515625e+00,5.984165191650390625e+00,-2.146306991577148438e+00,-1.155524063110351562e+01,1.385003662109375000e+01
-8.335361328125000000e+02,-1.388009643554687500e+02,-6.024949645996093750e+01,6.108150482177734375e+01,-8.295880889892578125e+01,1.018936767578125000e+02,-3.294366455078125000e+01,9.289886474609375000e+00,-3.600844573974609375e+01,-4.523590087890625000e+00,5.745269775390625000e+00,6.880905151367187500e+00,1.049158096313476562e+01,-1.808370971679687500e+01,1.384526443481445312e+01,-1.335281372070312500e+01,-1.095424461364746094e+01,2.237086105346679688e+01,-1.856126594543457031e+01,3.346282958984375000e+00,-7.233751296997070312e+00,3.874139785766601562e+00,2.212963104248046875e-01,-1.305781173706054688e+01,1.158682632446289062e+01
-8.575659790039062500e+02,-1.402068481445312500e+02,-5.162528228759765625e+01,6.464373779296875000e+01,-7.555209350585937500e+01,1.025774841308593750e+02,-3.150714492797851562e+01,4.028606414794921875e+00,-3.914996337890625000e+01,-7.035655975341796875e+00,6.157432556152343750e+00,1.111974716186523438e+01,1.500983047485351562e+01,-1.349159622192382812e+01,1.112949371337890625e+01,-1.245107269287109375e+01,-1.300534439086914062e+01,1.461466217041015625e+01,-1.761504554748535156e+01,-1.992877960205078125e+00,-6.359569549560546875e+00,4.194259643554687500e-02,2.273336410522460938e+00,-8.990482330322265625e+00,5.663087844848632812e+00
-8.870687866210937500e+02,-1.429980163574218750e+02,-4.112141799926757812e+01,7.203048706054687500e+01,-7.317601013183593750e+01,9.574812316894531250e+01,-3.238730621337890625e+01,8.683359146118164062e+00,-3.168432807922363281e+01,-1.990432739257812500e+00,9.847793579101562500e+00,1.144010543823242188e+01,1.511807632446289062e+01,-1.585951232910156250e+01,7.884712219238281250e+00,-9.749332427978515625e+00,-9.432529449462890625e+00,8.898733139038085938e+00,-9.536544799804687500e+00,-8.787712097167968750e+00,-1.054899215698242188e+01,-3.855585098266601562e+00,3.516849517822265625e+00,-1.439233779907226562e+00,2.242961883544921875e+00
-9.097420043945312500e+02,-1.489065551757812500e+02,-2.836887741088867188e+01,9.305646514892578125e+01,-7.354968261718750000e+01,8.488310241699218750e+01,-3.336885833740234375e+01,1.886789131164550781e+01,-2.044631958007812500e+01,-5.592994689941406250e-01,6.124717712402343750e+00,5.707458496093750000e+00,9.907234191894531250e+00,-2.105329513549804688e+01,4.907386779785156250e+00,-1.496942520141601562e+01,-5.636634826660156250e+00,3.863725662231445312e+00,6.008110046386718750e-01,-7.909645080566406250e+00,-1.354053878784179688e+01,-2.376279830932617188e+00,8.332761764526367188e+00,6.023773193359375000e+00,1.659324645996093750e+00
-9.160782470703125000e+02,-1.485273742675781250e+02,-1.826808547973632812e+01,1.057958755493164062e+02,-7.723236083984375000e+01,7.743440246582031250e+01,-3.034898185729980469e+01,2.192105102539062500e+01,-1.339910316467285156e+01,-1.603050231933593750e+00,4.954811096191406250e+00,6.851673126220703125e+00,2.516185760498046875e+00,-2.316999053955078125e+01,5.304309844970703125e+00,-1.578158950805664062e+01,-5.436771392822265625e+00,-1.184532165527343750e+00,-1.390338897705078125e+00,-4.873065948486328125e-01,-1.177804183959960938e+01,9.707584381103515625e-01,5.231039047241210938e+00,3.581811904907226562e+00,1.751825332641601562e+00
-9.117683715820312500e+02,-1.428325805664062500e+02,-1.338908386230468750e+01,1.088891525268554688e+02,-8.169238281250000000e+01,7.257356262207031250e+01,-3.376558685302734375e+01,1.816910362243652344e+01,-7.177391052246093750e+00,7.724761962890625000e-01,6.098819732666015625e+00,5.338508605957031250e+00,-2.733192443847656250e-01,-2.029868316650390625e+01,8.158958435058593750e+00,-1.411297988891601562e+01,-6.145816802978515625e+00,1.162658691406250000e+00,-6.311862945556640625e+00,2.336471557617187500e+00,-1.296066665649414062e+01,2.958969116210937500e+00,2.762956619262695312e+00,6.182289123535156250e-01,3.148563385009765625e+00
-9.062192382812500000e+02,-1.384456787109375000e+02,-1.282362365722656250e+01,1.074662475585937500e+02,-8.529850006103515625e+01,6.972104644775390625e+01,-3.587058639526367188e+01,1.632240486145019531e+01,-5.668804168701171875e+00,1.502143859863281250e+00,8.427867889404296875e+00,3.819206237792968750e+00,4.895782470703125000e-01,-1.762635803222656250e+01,1.198919677734375000e+01,-8.327064514160156250e+00,-2.439144134521484375e+00,8.857166290283203125e+00,-4.389024734497070312e+00,4.694248199462890625e+00,-1.265988159179687500e+01,5.083980560302734375e+00,7.384033203125000000e-01,-3.531185150146484375e+00,1.694084167480468750e+00
-9.048256225585937500e+02,-1.400684509277343750e+02,-1.741341400146484375e+01,1.048468246459960938e+02,-8.739695739746093750e+01,6.357782745361328125e+01,-3.704203796386718750e+01,1.938112068176269531e+01,-5.796932220458984375e+00,3.809783935546875000e+00,1.261847305297851562e+01,7.865119934082031250e+00,3.010540008544921875e+00,-1.663200378417968750e+01,1.507776641845703125e+01,-4.408836364746093750e-01,3.472534179687500000e+00,1.412131881713867188e+01,-6.704216003417968750e-01,6.572402954101562500e+00,-9.318403244018554688e+00,3.135723114013671875e+00,-3.492132186889648438e+00,-7.792762756347656250e+00,-2.022340774536132812e+00
-9.046734619140625000e+02,-1.387201538085937500e+02,-1.944631576538085938e+01,1.036401062011718750e+02,-8.771163940429687500e+01,5.982630157470703125e+01,-3.449637603759765625e+01,2.132890892028808594e+01,-8.998497009277343750e+00,1.684257507324218750e+00,1.102702713012695312e+01,1.056644439697265625e+01,2.413406372070312500e-01,-2.068912124633789062e+01,1.510748291015625000e+01,1.608398437500000000e+00,7.463058471679687500e+00,1.565613555908203125e+01,1.266147613525390625e+00,7.981880187988281250e+00,-4.069833755493164062e+00,2.434011459350585938e+00,-4.943948745727539062e+00,-7.305088043212890625e+00,-2.722299575805664062e+00
-9.085597534179687500e+02,-1.373632507324218750e+02,-1.792868041992187500e+01,1.036011123657226562e+02,-8.556007385253906250e+01,6.188173675537109375e+01,-2.925993728637695312e+01,2.208544349670410156e+01,-1.033787536621093750e+01,-1.276725769042968750e+00,3.209812164306640625e+00,9.499122619628906250e+00,-7.141220092773437500e+00,-2.630099868774414062e+01,1.331864166259765625e+01,-4.139255523681640625e+00,9.522483825683593750e+00,1.416890335083007812e+01,7.234611511230468750e-01,8.704023361206054688e+00,5.537319183349609375e-01,4.727901458740234375e+00,-5.820562362670898438e+00,-6.379390716552734375e+00,1.496658325195312500e-01
-9.166744995117187500e+02,-1.385548095703125000e+02,-1.315924835205078125e+01,1.031679000854492188e+02,-8.251734924316406250e+01,6.597273254394531250e+01,-2.503837585449218750e+01,2.121979713439941406e+01,-9.564289093017578125e+00,5.029594421386718750e+00,-3.046302795410156250e-01,9.051731109619140625e+00,-8.675582885742187500e+00,-2.580354309082031250e+01,1.204515838623046875e+01,-1.345776367187500000e+01,6.560203552246093750e+00,9.678848266601562500e+00,-1.105197906494140625e+00,9.205537796020507812e+00,1.459865570068359375e+00,9.388254165649414062e+00,-3.856889724731445312e+00,-5.595802307128906250e+00,5.186325073242187500e+00
-9.251479492187500000e+02,-1.372921752929687500e+02,-4.775321960449218750e+00,1.016017532348632812e+02,-8.122424316406250000e+01,6.727051544189453125e+01,-2.252875137329101562e+01,1.835757637023925781e+01,-1.031340408325195312e+01,1.662080574035644531e+01,5.700492858886718750e-01,8.592144012451171875e+00,-5.001762390136718750e+00,-2.205784606933593750e+01,1.187065124511718750e+01,-1.788848876953125000e+01,2.188179016113281250e+00,5.708023071289062500e+00,-6.212291717529296875e-01,9.674728393554687500e+00,-4.307693481445312500e+00,7.578714370727539062e+00,-1.900886535644531250e+00,-5.028879165649414062e+00,8.366230010986328125e+00
-9.315850830078125000e+02,-1.361964721679687500e+02,-4.233551025390625000e+00,9.583028411865234375e+01,-8.298347473144531250e+01,6.337025451660156250e+01,-1.935968780517578125e+01,2.131514549255371094e+01,-9.645832061767578125e+00,2.367438697814941406e+01,2.627193450927734375e+00,1.054209899902343750e+01,-1.661922454833984375e+00,-2.481764221191406250e+01,1.228789520263671875e+01,-1.409420394897460938e+01,2.046035766601562500e+00,5.541667938232421875e+00,-2.615980148315429688e+00,6.542100906372070312e+00,-9.197942733764648438e+00,3.560428619384765625e-01,-9.457111358642578125e-01,5.435371398925781250e-02,5.960559844970703125e+00
-9.327205200195312500e+02,-1.385432739257812500e+02,-8.690437316894531250e+00,9.362612915039062500e+01,-8.695399475097656250e+01,5.598674011230468750e+01,-2.227210044860839844e+01,2.080223846435546875e+01,-1.094956398010253906e+01,1.990153503417968750e+01,3.552284240722656250e+00,1.446825981140136719e+01,4.385601043701171875e+00,-2.436730957031250000e+01,1.437258529663085938e+01,-8.080474853515625000e+00,8.065757751464843750e+00,7.022823333740234375e+00,-1.039519882202148438e+01,1.896646499633789062e+00,-9.608470916748046875e+00,-6.245586395263671875e+00,-4.871534347534179688e+00,3.715040206909179688e+00,2.816780090332031250e+00
-9.308742065429687500e+02,-1.424493408203125000e+02,-1.254148864746093750e+01,9.649267578125000000e+01,-8.989176940917968750e+01,5.421131896972656250e+01,-3.032221984863281250e+01,1.616005134582519531e+01,-9.607017517089843750e+00,1.422386550903320312e+01,1.752037048339843750e+00,1.430830574035644531e+01,7.782791137695312500e+00,-2.006996154785156250e+01,1.507624435424804688e+01,-4.794319152832031250e+00,1.466297531127929688e+01,7.487781524658203125e+00,-1.443394470214843750e+01,8.408527374267578125e-01,-7.700748443603515625e+00,-6.427803039550781250e+00,-6.785875320434570312e+00,1.242721557617187500e+00,4.629695892333984375e+00
-9.300346069335937500e+02,-1.409218750000000000e+02,-1.373875427246093750e+01,9.701038360595703125e+01,-8.685748291015625000e+01,6.044636917114257812e+01,-3.475791931152343750e+01,9.315141677856445312e+00,-7.445587158203125000e+00,1.665538978576660156e+01,3.629482269287109375e+00,1.147208404541015625e+01,8.701515197753906250e+00,-1.435008239746093750e+01,1.717025375366210938e+01,-1.701774597167968750e+00,1.630239486694335938e+01,5.441427230834960938e+00,-1.303945159912109375e+01,6.509340286254882812e+00,-4.636222839355468750e+00,-4.744758605957031250e+00,-7.704441070556640625e+00,-2.428468704223632812e+00,8.739364624023437500e+00
-9.322578125000000000e+02,-1.357237243652343750e+02,-1.271221160888671875e+01,9.426590728759765625e+01,-8.039044189453125000e+01,6.794535064697265625e+01,-3.644244003295898438e+01,1.612327575683593750e+00,-8.213222503662109375e+00,1.775202751159667969e+01,2.634883880615234375e+00,6.049118041992187500e+00,4.807106018066406250e+00,-1.115892791748046875e+01,1.898250198364257812e+01,-3.066860198974609375e+00,1.392075729370117188e+01,1.417768478393554688e+00,-9.609348297119140625e+00,1.417661857604980469e+01,-1.107746124267578125e+00,-1.424127578735351562e+00,-7.630838394165039062e+00,-3.410276412963867188e+00,1.194290542602539062e+01
-9.352596435546875000e+02,-1.308335876464843750e+02,-1.459257507324218750e+01,9.002758789062500000e+01,-7.469082641601562500e+01,6.783587646484375000e+01,-3.965146636962890625e+01,-3.148574829101562500e+00,-1.262235641479492188e+01,1.192894172668457031e+01,-9.607200622558593750e-01,6.117950439453125000e+00,-1.331703186035156250e+00,-1.132264709472656250e+01,2.321770477294921875e+01,-7.350624084472656250e+00,1.002133941650390625e+01,-1.038570404052734375e-01,-6.551481246948242188e+00,1.739753341674804688e+01,3.188722610473632812e+00,4.376922607421875000e+00,-3.833158493041992188e+00,-1.344827651977539062e+00,1.179095458984375000e+01
-9.389953613281250000e+02,-1.268526535034179688e+02,-1.409316253662109375e+01,8.259346771240234375e+01,-7.421997070312500000e+01,6.118508911132812500e+01,-4.603135299682617188e+01,-6.232826232910156250e+00,-1.667417907714843750e+01,4.413871765136718750e+00,-3.717441558837890625e+00,9.749137878417968750e+00,-4.790122985839843750e+00,-1.032028198242187500e+01,2.777587127685546875e+01,-9.560577392578125000e+00,6.196907043457031250e+00,2.256313323974609375e+00,-7.952678680419921875e+00,1.759042739868164062e+01,3.684793472290039062e+00,4.835969924926757812e+00,-9.552478790283203125e-01,1.885002136230468750e+00,1.027501678466796875e+01
-9.415333251953125000e+02,-1.254383163452148438e+02,-1.142933654785156250e+01,8.044837951660156250e+01,-7.340974426269531250e+01,5.640180206298828125e+01,-4.510987854003906250e+01,-6.647384643554687500e+00,-1.995325088500976562e+01,2.756568908691406250e+00,-1.330139160156250000e+00,9.927307128906250000e+00,-4.682312011718750000e+00,-8.961830139160156250e+00,2.758703994750976562e+01,-8.162727355957031250e+00,4.585365295410156250e+00,5.241067886352539062e+00,-1.250761795043945312e+01,1.857550811767578125e+01,1.339975357055664062e+00,1.330192565917968750e+00,8.354949951171875000e-01,3.985422134399414062e+00,7.538267135620117188e+00
-9.398562011718750000e+02,-1.273787765502929688e+02,-1.508459091186523438e+01,8.206753540039062500e+01,-7.603916931152343750e+01,5.429261016845703125e+01,-3.531938171386718750e+01,-6.702842712402343750e+00,-1.806637763977050781e+01,1.071083641052246094e+01,1.477931976318359375e+00,7.500158309936523438e+00,-5.408863067626953125e+00,-1.217304611206054688e+01,2.440280532836914062e+01,-3.439567565917968750e+00,5.752742767333984375e+00,8.872545242309570312e+00,-1.355294609069824219e+01,1.651849365234375000e+01,4.392967224121093750e-01,5.332946777343750000e-03,-3.400112152099609375e+00,2.416700363159179688e+00,9.622913360595703125e+00
-9.413390502929687500e+02,-1.298509826660156250e+02,-1.975751495361328125e+01,8.477052307128906250e+01,-7.529667663574218750e+01,5.791170501708984375e+01,-2.295223236083984375e+01,-2.371654510498046875e+00,-1.026256370544433594e+01,1.906287574768066406e+01,1.772403717041015625e+00,3.093296051025390625e+00,-1.404233551025390625e+01,-2.037221527099609375e+01,1.875080108642578125e+01,-4.358528137207031250e+00,5.275192260742187500e+00,6.229278564453125000e+00,-1.587217903137207031e+01,9.824245452880859375e+00,-3.829807281494140625e+00,-3.814884185791015625e+00,-1.018779373168945312e+01,-2.298152923583984375e+00,1.133136367797851562e+01
-9.452835693359375000e+02,-1.282256164550781250e+02,-2.319184112548828125e+01,8.458615875244140625e+01,-7.684902191162109375e+01,5.931378936767578125e+01,-2.021182632446289062e+01,-7.336425781250000000e-01,-4.303653717041015625e+00,2.048034286499023438e+01,-3.098564147949218750e-01,-4.414215087890625000e-01,-1.911883163452148438e+01,-2.939254760742187500e+01,1.301497268676757812e+01,-8.237014770507812500e+00,2.402637481689453125e+00,1.590225219726562500e+00,-1.590382575988769531e+01,6.815517425537109375e+00,-3.684356689453125000e+00,-3.654376983642578125e+00,-8.503751754760742188e+00,-3.992496490478515625e+00,1.191551208496093750e+01
-9.478263549804687500e+02,-1.225133895874023438e+02,-2.159944915771484375e+01,8.596715545654296875e+01,-7.723550415039062500e+01,5.957976531982421875e+01,-2.298864364624023438e+01,-6.842422485351562500e-01,-2.703868865966796875e+00,1.518351173400878906e+01,-4.278354644775390625e+00,-2.670059204101562500e+00,-1.814413070678710938e+01,-3.169979858398437500e+01,1.273777770996093750e+01,-8.284584045410156250e+00,-3.974914550781250000e-03,1.608854293823242188e+00,-1.278623962402343750e+01,4.543897628784179688e+00,-1.900165557861328125e+00,-2.955707550048828125e+00,-2.702819824218750000e+00,-5.990592956542968750e+00,1.033462524414062500e+01
-9.476299438476562500e+02,-1.219355087280273438e+02,-1.817587280273437500e+01,9.029326629638671875e+01,-7.671472167968750000e+01,5.699608612060546875e+01,-2.326025772094726562e+01,-4.836799621582031250e+00,-5.482006072998046875e+00,5.530342102050781250e+00,-1.004058647155761719e+01,-1.198219299316406250e+00,-1.825067138671875000e+01,-2.619037246704101562e+01,1.403127670288085938e+01,-5.309219360351562500e+00,-2.787895202636718750e+00,5.659620285034179688e+00,-9.834045410156250000e+00,2.311096191406250000e+00,1.085031509399414062e+00,-2.796001434326171875e+00,-1.926630020141601562e+00,-7.365451812744140625e+00,6.855600357055664062e+00
-9.399503784179687500e+02,-1.227821350097656250e+02,-1.520203399658203125e+01,8.644081878662109375e+01,-7.552981567382812500e+01,5.557527160644531250e+01,-1.551923179626464844e+01,-1.036241912841796875e+01,-2.392230987548828125e+00,-6.169967651367187500e+00,-1.245517349243164062e+01,2.763332366943359375e+00,-1.686933708190917969e+01,-1.785271072387695312e+01,1.729088211059570312e+01,-4.840999603271484375e+00,-7.300336837768554688e+00,3.055055618286132812e+00,-1.126161575317382812e+01,2.938247680664062500e+00,2.755182266235351562e+00,-4.558279037475585938e+00,-4.947772979736328125e+00,-5.752782821655273438e+00,7.761991500854492188e+00
-9.305445556640625000e+02,-1.197053222656250000e+02,-1.192440414428710938e+01,7.267388916015625000e+01,-7.277392578125000000e+01,5.016875457763671875e+01,-8.653572082519531250e+00,-1.395982360839843750e+01,7.743419647216796875e+00,-1.242858123779296875e+01,-9.497783660888671875e+00,2.950347900390625000e+00,-1.812284278869628906e+01,-1.612766647338867188e+01,1.862572097778320312e+01,-5.844089508056640625e+00,-8.319463729858398438e+00,1.673107147216796875e-01,-1.249460029602050781e+01,7.143358230590820312e+00,4.653869628906250000e+00,-5.193008422851562500e+00,-8.468966484069824219e+00,-5.223947525024414062e+00,6.395650863647460938e+00
-9.348760986328125000e+02,-1.117514724731445312e+02,-1.184757995605468750e+01,5.910821533203125000e+01,-6.704056549072265625e+01,4.536805725097656250e+01,-6.585994720458984375e+00,-1.342567062377929688e+01,1.601231384277343750e+01,-1.533347320556640625e+01,-7.404726028442382812e+00,3.121532440185546875e+00,-2.139425468444824219e+01,-1.486862945556640625e+01,1.681836700439453125e+01,-7.932666778564453125e+00,-5.657180786132812500e+00,1.700645446777343750e+00,-1.234344863891601562e+01,1.009431076049804688e+01,5.490169525146484375e+00,-4.869117736816406250e+00,-8.936614990234375000e+00,-4.284948348999023438e+00,3.834342956542968750e+00
-9.616492309570312500e+02,-1.012760543823242188e+02,-1.190500640869140625e+01,4.745372009277343750e+01,-5.788236236572265625e+01,3.989463043212890625e+01,-6.195241928100585938e+00,-1.146721649169921875e+01,1.932281494140625000e+01,-1.709737777709960938e+01,-5.112863540649414062e+00,5.515792846679687500e+00,-2.227373695373535156e+01,-1.060676193237304688e+01,1.513001441955566406e+01,-9.236124038696289062e+00,-1.867359161376953125e+00,3.334629058837890625e+00,-1.155881881713867188e+01,9.682989120483398438e+00,5.908679962158203125e+00,-3.049493789672851562e+00,-6.816053390502929688e+00,-1.741708755493164062e+00,2.894311904907226562e+00
